state,average_length_of_stay_nights,source_url
Johor,2.57,https://www.dosm.gov.my/portal-main/release-content/domestic-tourism-survey-states-2024
Kedah,2.77,https://www.dosm.gov.my/portal-main/release-content/domestic-tourism-survey-states-2024
Kelantan,2.98,https://www.dosm.gov.my/portal-main/release-content/domestic-tourism-survey-states-2024
Pulau Pinang,2.53,https://www.dosm.gov.my/portal-main/release-content/domestic-tourism-survey-states-2024
Terengganu,2.5,https://www.dosm.gov.my/portal-main/release-content/domestic-tourism-survey-states-2024
Sabah,3.01,https://www.dosm.gov.my/portal-main/release-content/domestic-tourism-survey-states-2024
Sarawak,3.09,https://www.dosm.gov.my/portal-main/release-content/domestic-tourism-survey-states-2024
Labuan,2.84,https://www.dosm.gov.my/portal-main/release-content/domestic-tourism-survey-states-2024
Malaysia average,2.49,https://www.dosm.gov.my/portal-main/release-content/domestic-tourism-survey-states-2024
